{"f1": {"mean": 1620.9385249036804, "max": 4525.8858988645525, "min": 0.0, "std": 797.835303150616}, "f2": {"mean": 2700.8666015045346, "max": 5381.270158109412, "min": 0.0, "std": 757.309659424071}, "f3": {"mean": 3644.9035953080106, "max": 6225.670567996736, "min": 177.200335000942, "std": 683.1448469009769}, "f4": {"mean": 4527.971268012111, "max": 7008.22316696057, "min": 531.694707246542, "std": 643.8606640585373}, "log_energy": {"mean": -31.421421920279588, "max": -3.4350442343620564, "min": -85.34625579383574, "std": 12.942094811555986}, "zero_crossing_rate": {"mean": 0.161509393713611, "max": 0.8955078125, "min": 0.0068359375, "std": 0.17836831723369995}, "f0_contour": {"mean": 5.314173, "max": 6.725202, "min": 4.147418, "std": 0.27028483}, "intensity": {"mean": 0.004415637376762061, "max": 0.453414648771286, "min": 1.9199435374872564e-09, "std": 0.00710075708998599}, "spectral_centroid": {"mean": 2523.9764446597214, "max": 9203.571023736517, "min": 326.59787517231854, "std": 1886.1921888894562}, "spectral_slope": {"mean": -0.0014508160310538329, "max": 0.016519932730625644, "min": -0.022709132700752033, "std": 0.002108531104543983}, "spectral_spread": {"mean": 1960.4277706946175, "max": 4512.985821860156, "min": 401.34370512061633, "std": 656.0270655245447}}