{"f1": {"mean": 1466.8525929709006, "max": 4287.398371181999, "min": 0.0, "std": 721.6144488107577}, "f2": {"mean": 2498.2449398232584, "max": 5118.645807897478, "min": 0.0, "std": 740.6813541702232}, "f3": {"mean": 3441.5077768976835, "max": 5951.771252500823, "min": 0.0, "std": 662.5439987706586}, "f4": {"mean": 4298.070611842167, "max": 6779.153773063671, "min": 353.49178560758526, "std": 616.7782431922773}, "log_energy": {"mean": -31.42709664229495, "max": -3.4347964658117247, "min": -85.36515245506605, "std": 12.941237227335098}, "zero_crossing_rate": {"mean": 0.08454916013950543, "max": 0.45166015625, "min": 0.00341796875, "std": 0.09224175712163477}, "f0_contour": {"mean": 81.00349252043796, "max": 263.8588559526678, "min": 0.0, "std": 93.80862555133564}, "intensity": {"mean": 0.004411215906231412, "max": 0.4534405767917633, "min": 1.9072659007690618e-09, "std": 0.007096883121380619}, "spectral_centroid": {"mean": 2507.224381500755, "max": 9130.481282419698, "min": 325.8053765313931, "std": 1874.809120904088}, "spectral_slope": {"mean": -0.001192707472805575, "max": -2.217624912358886e-06, "min": -0.014175654183221644, "std": 0.001022827481844164}, "spectral_spread": {"mean": 1938.257097499812, "max": 4939.74281199679, "min": 394.120191137151, "std": 650.2739843975901}}